<?xml version="1.0" encoding="UTF-8"?>
<document type="com.apple.InterfaceBuilder3.CocoaTouch.Storyboard.XIB" version="3.0" toolsVersion="12121" systemVersion="16F73" targetRuntime="iOS.CocoaTouch" propertyAccessControl="none" useAutolayout="YES" useTraitCollections="YES" colorMatched="YES" initialViewController="BYZ-38-t0r">
    <device id="retina3_5" orientation="portrait">
        <adaptation id="fullscreen"/>
    </device>
    <dependencies>
        <deployment identifier="iOS"/>
        <plugIn identifier="com.apple.InterfaceBuilder.IBCocoaTouchPlugin" version="12089"/>
        <capability name="Constraints to layout margins" minToolsVersion="6.0"/>
        <capability name="documents saved in the Xcode 8 format" minToolsVersion="8.0"/>
    </dependencies>
    <scenes>
        <!--View Controller-->
        <scene sceneID="tne-QT-ifu">
            <objects>
                <viewController id="BYZ-38-t0r" customClass="ViewController" customModule="Guess_The_Number" customModuleProvider="target" sceneMemberID="viewController">
                    <layoutGuides>
                        <viewControllerLayoutGuide type="top" id="y3c-jy-aDJ"/>
                        <viewControllerLayoutGuide type="bottom" id="wfy-db-euE"/>
                    </layoutGuides>
                    <view key="view" contentMode="scaleToFill" id="8bC-Xf-vdC">
                        <rect key="frame" x="0.0" y="0.0" width="320" height="480"/>
                        <autoresizingMask key="autoresizingMask" widthSizable="YES" heightSizable="YES"/>
                        <subviews>
                            <label opaque="NO" userInteractionEnabled="NO" contentMode="left" horizontalHuggingPriority="251" verticalHuggingPriority="251" text="Guess The Number" textAlignment="center" lineBreakMode="tailTruncation" baselineAdjustment="alignBaselines" adjustsFontSizeToFit="NO" translatesAutoresizingMaskIntoConstraints="NO" id="0Qo-MI-64H">
                                <rect key="frame" x="16" y="20" width="288" height="36"/>
                                <fontDescription key="fontDescription" type="boldSystem" pointSize="30"/>
                                <nil key="textColor"/>
                                <nil key="highlightedColor"/>
                            </label>
                            <textField opaque="NO" clipsSubviews="YES" contentMode="scaleToFill" contentHorizontalAlignment="left" contentVerticalAlignment="center" borderStyle="roundedRect" placeholder="Enter a Number" textAlignment="center" minimumFontSize="17" translatesAutoresizingMaskIntoConstraints="NO" id="Gb7-g6-Uaj">
                                <rect key="frame" x="16" y="118" width="288" height="30"/>
                                <nil key="textColor"/>
                                <fontDescription key="fontDescription" type="system" pointSize="14"/>
                                <textInputTraits key="textInputTraits" keyboardType="numberPad"/>
                            </textField>
                            <button opaque="NO" contentMode="scaleToFill" contentHorizontalAlignment="center" contentVerticalAlignment="center" buttonType="roundedRect" lineBreakMode="middleTruncation" translatesAutoresizingMaskIntoConstraints="NO" id="x5P-OW-7A1">
                                <rect key="frame" x="16" y="241" width="288" height="30"/>
                                <state key="normal" title="Guess"/>
                                <connections>
                                    <action selector="GuessButton:" destination="BYZ-38-t0r" eventType="touchUpInside" id="9JQ-9O-zjU"/>
                                </connections>
                            </button>
                            <label opaque="NO" userInteractionEnabled="NO" contentMode="left" horizontalHuggingPriority="251" verticalHuggingPriority="251" text="" textAlignment="center" lineBreakMode="tailTruncation" numberOfLines="0" baselineAdjustment="alignBaselines" adjustsFontSizeToFit="NO" translatesAutoresizingMaskIntoConstraints="NO" id="0Cu-Zh-Cfr">
                                <rect key="frame" x="16" y="290" width="288" height="40"/>
                                <constraints>
                                    <constraint firstAttribute="height" constant="40" id="Ixc-Gp-MhF"/>
                                </constraints>
                                <fontDescription key="fontDescription" name="TrebuchetMS-Bold" family="Trebuchet MS" pointSize="17"/>
                                <nil key="textColor"/>
                                <nil key="highlightedColor"/>
                            </label>
                        </subviews>
                        <color key="backgroundColor" red="1" green="1" blue="1" alpha="1" colorSpace="custom" customColorSpace="sRGB"/>
                        <constraints>
                            <constraint firstItem="Gb7-g6-Uaj" firstAttribute="leading" secondItem="x5P-OW-7A1" secondAttribute="leading" id="GWh-KO-zHi"/>
                            <constraint firstItem="0Cu-Zh-Cfr" firstAttribute="leading" secondItem="8bC-Xf-vdC" secondAttribute="leadingMargin" id="Owj-9L-u1w"/>
                            <constraint firstItem="0Qo-MI-64H" firstAttribute="trailing" secondItem="Gb7-g6-Uaj" secondAttribute="trailing" id="S3R-Rh-FnG"/>
                            <constraint firstItem="0Cu-Zh-Cfr" firstAttribute="trailing" secondItem="8bC-Xf-vdC" secondAttribute="trailingMargin" id="c3V-kl-e89"/>
                            <constraint firstItem="0Qo-MI-64H" firstAttribute="top" secondItem="y3c-jy-aDJ" secondAttribute="bottom" id="jZj-gP-Ory"/>
                            <constraint firstItem="x5P-OW-7A1" firstAttribute="top" secondItem="Gb7-g6-Uaj" secondAttribute="bottom" constant="93" id="kYU-lU-eRk"/>
                            <constraint firstItem="wfy-db-euE" firstAttribute="top" secondItem="0Cu-Zh-Cfr" secondAttribute="bottom" constant="150" id="lmb-iw-aXs"/>
                            <constraint firstItem="0Qo-MI-64H" firstAttribute="leading" secondItem="Gb7-g6-Uaj" secondAttribute="leading" id="noK-VT-e5Y"/>
                            <constraint firstItem="0Qo-MI-64H" firstAttribute="leading" secondItem="8bC-Xf-vdC" secondAttribute="leadingMargin" id="rA2-md-9TJ"/>
                            <constraint firstItem="0Qo-MI-64H" firstAttribute="trailing" secondItem="8bC-Xf-vdC" secondAttribute="trailingMargin" id="tPa-yf-mEr"/>
                            <constraint firstItem="Gb7-g6-Uaj" firstAttribute="trailing" secondItem="x5P-OW-7A1" secondAttribute="trailing" id="tga-TL-VFZ"/>
                            <constraint firstItem="Gb7-g6-Uaj" firstAttribute="top" secondItem="0Qo-MI-64H" secondAttribute="bottom" constant="62" id="yFr-06-FNO"/>
                        </constraints>
                    </view>
                    <connections>
                        <outlet property="UserGuessedNumberTextField" destination="Gb7-g6-Uaj" id="8aG-Es-ctU"/>
                        <outlet property="resultLabel" destination="0Cu-Zh-Cfr" id="LVl-Z8-Ts3"/>
                    </connections>
                </viewController>
                <placeholder placeholderIdentifier="IBFirstResponder" id="dkx-z0-nzr" sceneMemberID="firstResponder"/>
            </objects>
            <point key="canvasLocation" x="-98.550724637681171" y="123.09782608695653"/>
        </scene>
    </scenes>
</document>
